PassengerId,Survived,SibSp,Parch,Isfemale,Age_fill,Ischild,Fare_fill,Embarked_C,Embarked_Q,Embarked_S,Pclass_1,Pclass_2,Pclass_3
1,0,1,0.0,0,0.741556445594596,0,0.2251258595483755,0,0,1,0,0,1
2,1,1,0.0,1,1.2913665998815995,0,2.2134778184751327,1,0,0,1,0,0
3,1,0,0.0,1,0.8790089841663469,0,0.24608585336839664,0,0,1,0,0,1
4,1,1,0.0,1,1.1882771959527865,0,1.6488528471749984,0,0,1,1,0,0
5,0,0,0.0,0,1.1882771959527865,0,0.24996733370543764,0,0,1,0,0,1
6,0,0,0.0,0,1.0164615227380978,0,0.2626458010783482,0,1,0,0,0,1
7,0,0,0.0,0,1.841176754168603,0,1.6104261918382927,0,0,1,1,0,0
8,0,3,2.6205882352941177,0,0.054293752735841604,1,0.6544175848251053,0,0,1,0,0,1
9,1,0,5.241176470588235,1,0.9133721188092846,0,0.34570948029102466,0,0,1,0,0,1
10,1,1,0.0,1,0.4666513684510943,0,0.9337537513527295,1,0,0,0,1,0
11,1,1,2.6205882352941177,1,0.12302002202171705,1,0.5185657730286718,0,0,1,0,0,1
12,1,0,0.0,1,1.978629292740354,0,0.8244264235874992,0,0,1,1,0,0
13,0,0,0.0,0,0.6728301763087206,0,0.24996733370543764,0,0,1,0,0,1
14,0,1,13.102941176470589,0,1.3257297345245374,0,0.9711463803276473,0,0,1,0,0,1
15,0,0,0.0,1,0.4666513684510943,0,0.24388738290549664,0,0,1,0,0,1
16,1,0,0.0,1,1.8755398888115409,0,0.4968294831412424,0,0,1,0,1,0
17,0,4,2.6205882352941177,0,0.054293752735841604,1,0.9043849185305429,0,1,0,0,0,1
18,1,0,0.0,0,1.3944560038104128,0,0.4036739550522595,0,0,1,0,1,0
19,0,1,0.0,1,1.0508246573810356,0,0.5589331685338977,0,0,1,0,0,1
20,1,0,0.0,1,0.8446458495234092,0,0.22434956348096727,1,0,0,0,0,1
21,0,0,0.0,0,1.1882771959527865,0,0.807347910104519,0,0,1,0,1,0
22,1,0,0.0,0,1.1539140613098486,0,0.4036739550522595,0,0,1,0,1,0
23,1,0,0.0,1,0.501014503094032,0,0.24932145537735398,0,1,0,0,0,1
24,1,0,0.0,0,0.9477352534522223,0,1.1023404157196317,0,0,1,1,0,0
25,0,3,2.6205882352941177,1,0.26047256059346796,1,0.6544175848251053,0,0,1,0,0,1
26,1,1,13.102941176470589,1,1.2913665998815995,0,0.9746397126309841,0,0,1,0,0,1
27,0,0,0.0,0,1.257003465238662,0,0.22434956348096727,1,0,0,0,0,1
28,0,3,5.241176470588235,0,0.6384670416657828,0,8.166634629134172,0,0,1,1,0,0
29,1,0,0.0,1,0.9133721188092846,0,0.24466367897290484,0,1,0,0,0,1
30,0,0,0.0,0,1.0508246573810356,0,0.2451791395616639,0,0,1,0,0,1
31,0,0,0.0,0,1.360092869167475,0,0.8607819210163596,1,0,0,1,0,0
32,1,1,0.0,1,0.9133721188092846,0,4.549740833340085,1,0,0,1,0,0
33,1,0,0.0,1,1.0164615227380978,0,0.2406517808965393,0,1,0,0,0,1
34,0,0,0.0,0,2.2535343698838557,0,0.32604434831144036,0,0,1,0,1,0
35,0,1,0.0,0,0.9477352534522223,0,2.5515547558314005,1,0,0,1,0,0
36,0,1,0.0,0,1.4288191384533504,0,1.614695820209038,0,0,1,1,0,0
37,1,0,0.0,0,1.4288191384533504,0,0.22447998122029186,1,0,0,0,0,1
38,0,0,0.0,0,0.7071933109516583,0,0.24996733370543764,0,0,1,0,0,1
39,0,2,0.0,1,0.6041039070228451,0,0.5589331685338977,0,0,1,0,0,1
40,1,1,0.0,1,0.4666513684510943,0,0.34907550003930654,1,0,0,0,0,1
41,0,1,0.0,1,1.360092869167475,0,0.2942162095477045,0,0,1,0,0,1
42,0,1,0.0,1,0.9133721188092846,0,0.6520886966228807,0,0,1,0,1,0
43,0,0,0.0,0,0.5697407723799074,0,0.2451791395616639,1,0,0,0,0,1
44,1,1,5.241176470588235,1,0.08865688737877933,1,1.2911107778391469,1,0,0,0,1,0
45,1,0,0.0,1,0.6384670416657828,0,0.24466367897290484,0,1,0,0,0,1
46,0,0,0.0,0,1.0164615227380978,0,0.24996733370543764,0,0,1,0,0,1
47,0,1,0.0,0,1.257003465238662,0,0.4813035617930786,0,1,0,0,0,1
48,1,0,0.0,1,0.8446458495234092,0,0.2406517808965393,0,1,0,0,0,1
49,0,2,0.0,0,1.222640330595724,0,0.6731791081822265,1,0,0,0,0,1
50,0,1,0.0,1,0.6041039070228451,0,0.5527227999946323,0,0,1,0,0,1
51,0,4,2.6205882352941177,0,0.2261094259505302,1,1.2323700070105037,0,0,1,0,0,1
52,0,0,0.0,0,0.7071933109516583,0,0.2422043730313557,0,0,1,0,0,1
53,1,1,0.0,1,1.6693610809539146,0,2.382583048615064,1,0,0,1,0,0
54,1,1,0.0,1,0.98209838809516,0,0.807347910104519,0,0,1,0,1,0
55,0,0,2.6205882352941177,0,2.219171235240918,0,1.9245683688442308,1,0,0,1,0,0
56,1,0,0.0,0,0.8102827148804714,0,1.1023404157196317,0,0,1,1,0,0
57,1,0,0.0,1,0.7071933109516583,0,0.32604434831144036,0,0,1,0,1,0
58,0,0,0.0,0,0.9649168207736912,0,0.22447998122029186,1,0,0,0,0,1
59,1,1,5.241176470588235,1,0.15738315666465477,1,0.8616886348230923,0,0,1,0,1,0
60,0,5,5.241176470588235,0,0.3635619645222811,1,1.4563314224577668,0,0,1,0,0,1
61,0,0,0.0,0,0.741556445594596,0,0.22447998122029186,1,0,0,0,0,1
62,1,0,0.0,1,1.2913665998815995,0,2.4841474157062122,1,0,0,1,0,0
63,0,1,0.0,0,1.5319085423821637,0,2.5920525690759506,0,0,1,1,0,0
64,0,3,5.241176470588235,0,0.12302002202171705,1,0.8663464112275415,0,0,1,0,0,1
65,0,0,0.0,0,0.7071933109516583,0,0.8607819210163596,1,0,0,1,0,0
66,1,1,2.6205882352941177,0,0.1917462913075925,1,0.4734101833796721,1,0,0,0,0,1
67,1,0,0.0,1,0.98209838809516,0,0.32604434831144036,0,0,1,0,1,0
68,0,0,0.0,0,0.6384670416657828,0,0.2533302482694499,0,0,1,0,0,1
69,1,4,5.241176470588235,1,0.5697407723799074,0,0.24608585336839664,0,0,1,0,0,1
70,0,2,0.0,0,0.8790089841663469,0,0.26898658735693826,0,0,1,0,0,1
71,0,0,0.0,0,1.0851877920239732,0,0.32604434831144036,0,0,1,0,1,0
72,0,5,5.241176470588235,1,0.5353776377369698,0,1.4563314224577668,0,0,1,0,0,1
73,0,0,0.0,0,0.7071933109516583,0,2.2823104381800823,0,0,1,0,1,0
74,0,1,0.0,0,0.8790089841663469,0,0.4488295447012592,1,0,0,0,0,1
75,1,0,0.0,0,1.0851877920239732,0,1.754298694603188,0,0,1,0,0,1
76,0,0,0.0,0,0.8446458495234092,0,0.23754659662690655,0,0,1,0,0,1
77,0,0,0.0,0,0.6041039070228451,0,0.2451791395616639,0,0,1,0,0,1
78,0,0,0.0,0,0.6384670416657828,0,0.24996733370543764,0,0,1,0,0,1
79,1,0,5.241176470588235,0,0.014088885203604466,1,0.900503438193502,0,0,1,0,1,0
80,1,0,0.0,1,1.0164615227380978,0,0.3873717376366875,0,0,1,0,0,1
81,0,0,0.0,0,0.741556445594596,0,0.27946658426694887,0,0,1,0,0,1
82,1,0,0.0,0,0.98209838809516,0,0.2949925056151127,0,0,1,0,0,1
83,1,0,0.0,1,1.1539140613098486,0,0.2418162249976516,0,1,0,0,0,1
84,0,0,0.0,0,0.9477352534522223,0,1.4625417909970324,0,0,1,1,0,0
85,1,0,0.0,1,0.5697407723799074,0,0.32604434831144036,0,0,1,0,1,0
86,1,3,0.0,1,1.119550926666911,0,0.4921717067367933,0,0,1,0,0,1
87,0,1,7.861764705882353,0,0.5353776377369698,0,1.067407092686263,0,0,1,0,0,1
88,0,0,0.0,0,1.1539140613098486,0,0.24996733370543764,0,0,1,0,0,1
89,1,3,5.241176470588235,1,0.7759195802375337,0,8.166634629134172,0,0,1,1,0,0
90,0,0,0.0,0,0.8102827148804714,0,0.24996733370543764,0,0,1,0,0,1
91,0,0,0.0,0,0.98209838809516,0,0.24996733370543764,0,0,1,0,0,1
92,0,0,0.0,0,0.6728301763087206,0,0.24388738290549664,0,0,1,0,0,1
93,0,1,0.0,0,1.5662716770251013,0,1.8995964769478442,0,0,1,1,0,0
94,0,1,5.241176470588235,0,0.8790089841663469,0,0.6388916634769415,0,0,1,0,0,1
95,0,0,0.0,0,2.0129924273832915,0,0.2251258595483755,0,0,1,0,0,1
96,0,0,0.0,0,0.9477352534522223,0,0.24996733370543764,0,0,1,0,0,1
97,0,0,0.0,0,2.4253500430985446,0,1.076076767167078,1,0,0,1,0,0
98,1,0,2.6205882352941177,0,0.7759195802375337,0,1.9673919651067364,1,0,0,1,0,0
99,1,0,2.6205882352941177,1,1.1539140613098486,0,0.714192382015536,0,0,1,0,1,0
100,0,1,0.0,0,1.1539140613098486,0,0.807347910104519,0,0,1,0,1,0
101,0,0,0.0,1,0.9477352534522223,0,0.2451791395616639,0,0,1,0,0,1
102,0,0,0.0,0,0.501014503094032,0,0.2451791395616639,0,0,1,0,0,1
103,0,0,2.6205882352941177,0,0.7071933109516583,0,2.3999192923924233,0,0,1,1,0,0
104,0,0,0.0,0,1.119550926666911,0,0.2687288570625588,0,0,1,0,0,1
105,0,2,0.0,0,1.257003465238662,0,0.24608585336839664,0,0,1,0,0,1
106,0,0,0.0,0,0.9477352534522223,0,0.2451791395616639,0,0,1,0,0,1
107,1,0,0.0,1,0.7071933109516583,0,0.23754659662690655,0,0,1,0,0,1
108,1,0,0.0,0,0.9477352534522223,0,0.24142807696394752,0,0,1,0,0,1
109,0,0,0.0,0,1.2913665998815995,0,0.2451791395616639,0,0,1,0,0,1
110,1,1,0.0,1,1.1882771959527865,0,0.7499020011163128,0,1,0,0,0,1
111,0,0,0.0,0,1.6006348116680391,0,1.614695820209038,0,0,1,1,0,0
112,0,1,0.0,1,0.48383293577256314,0,0.4488295447012592,1,0,0,0,0,1
113,0,0,0.0,0,0.741556445594596,0,0.24996733370543764,0,0,1,0,0,1
114,0,1,0.0,1,0.6728301763087206,0,0.3050843544914192,0,0,1,0,0,1
115,0,0,0.0,1,0.5697407723799074,0,0.44895685725631407,1,0,0,0,0,1
116,0,0,0.0,0,0.7071933109516583,0,0.24608585336839664,0,0,1,0,0,1
117,0,0,0.0,0,2.4081684757770754,0,0.2406517808965393,0,1,0,0,0,1
118,0,1,0.0,0,0.98209838809516,0,0.6520886966228807,0,0,1,0,1,0
119,0,0,2.6205882352941177,0,0.8102827148804714,0,7.685976945669178,1,0,0,1,0,0
120,0,4,5.241176470588235,1,0.054293752735841604,1,0.9711463803276473,0,0,1,0,0,1
121,0,2,0.0,0,0.7071933109516583,0,2.2823104381800823,0,0,1,0,1,0
122,0,0,0.0,0,1.0164615227380978,0,0.24996733370543764,0,0,1,0,0,1
123,0,1,0.0,0,1.102369359345442,0,0.9337537513527295,1,0,0,0,1,0
124,1,0,0.0,1,1.102369359345442,0,0.4036739550522595,0,0,1,0,1,0
125,0,0,2.6205882352941177,0,1.841176754168603,0,2.3999192923924233,0,0,1,1,0,0
126,1,1,0.0,0,0.39792509916521884,1,0.34907550003930654,1,0,0,0,0,1
127,0,0,0.0,0,1.0851877920239732,0,0.2406517808965393,0,1,0,0,0,1
128,1,0,0.0,0,0.8102827148804714,0,0.2217629449843632,0,0,1,0,0,1
129,1,1,2.6205882352941177,1,1.4631822730962882,0,0.6942664145573025,1,0,0,0,0,1
130,0,0,0.0,0,1.5319085423821637,0,0.21658660280688538,0,0,1,0,0,1
131,0,0,0.0,0,1.119550926666911,0,0.2451791395616639,1,0,0,0,0,1
132,0,0,0.0,0,0.6728301763087206,0,0.21891549100910995,0,0,1,0,0,1
133,0,1,0.0,1,1.6006348116680391,0,0.450251719096751,0,0,1,0,0,1
134,1,1,0.0,1,0.98209838809516,0,0.807347910104519,0,0,1,0,1,0
135,0,0,0.0,0,0.8446458495234092,0,0.4036739550522595,0,0,1,0,1,0
136,0,0,0.0,0,0.7759195802375337,0,0.46719981484040657,1,0,0,0,1,0
137,1,0,5.241176470588235,1,0.6384670416657828,0,0.8161448971403886,0,0,1,1,0,0
138,0,1,0.0,0,1.257003465238662,0,1.6488528471749984,0,0,1,1,0,0
139,0,0,0.0,0,0.5353776377369698,0,0.2861955185792431,0,0,1,0,0,1
140,0,0,0.0,0,0.8102827148804714,0,2.4593059415491503,1,0,0,1,0,0
141,0,0,5.241176470588235,1,0.8790089841663469,0,0.4734101833796721,1,0,0,0,0,1
142,1,0,0.0,1,0.741556445594596,0,0.2406517808965393,0,0,1,0,0,1
143,1,1,0.0,1,0.8102827148804714,0,0.4921717067367933,0,0,1,0,0,1
144,0,0,0.0,0,0.6384670416657828,0,0.20959993820021167,0,1,0,0,0,1
145,0,0,0.0,0,0.6041039070228451,0,0.357096191007768,0,0,1,0,1,0
146,0,1,2.6205882352941177,0,0.6384670416657828,0,1.1411552190900411,0,0,1,0,1,0
147,1,0,0.0,0,0.9133721188092846,0,0.2420739552920311,0,0,1,0,0,1
148,0,2,5.241176470588235,1,0.2948356952364057,1,1.067407092686263,0,0,1,0,0,1
149,0,0,5.241176470588235,0,1.2398218979171929,0,0.807347910104519,0,0,1,0,1,0
150,0,0,0.0,0,1.4288191384533504,0,0.4036739550522595,0,0,1,0,1,0
151,0,0,0.0,0,1.73808735023979,0,0.3889243297715039,0,0,1,0,1,0
152,1,1,0.0,1,0.741556445594596,0,2.0680527235754216,0,0,1,1,0,0
153,0,0,0.0,0,1.8927214561330097,0,0.24996733370543764,0,0,1,0,0,1
154,0,0,5.241176470588235,0,1.377274436488944,0,0.450251719096751,0,0,1,0,0,1
155,0,0,0.0,0,1.257003465238662,0,0.22706659971689597,0,0,1,0,0,1
156,0,0,2.6205882352941177,0,1.73808735023979,0,1.9059372632264342,1,0,0,1,0,0
157,1,0,0.0,1,0.5353776377369698,0,0.24013321512351063,0,1,0,0,0,1
158,0,0,0.0,0,1.0164615227380978,0,0.24996733370543764,0,0,1,0,0,1
159,0,0,0.0,0,0.8446458495234092,0,0.26898658735693826,0,0,1,0,0,1
160,0,8,5.241176470588235,0,0.1917462913075925,1,2.159655659529588,0,0,1,0,0,1
161,0,0,2.6205882352941177,0,1.4975454077392258,0,0.4999346674108753,0,0,1,0,0,1
162,1,0,0.0,1,1.360092869167475,0,0.48906652246716054,0,0,1,0,1,0
163,0,0,0.0,0,0.8790089841663469,0,0.24142807696394752,0,0,1,0,0,1
164,0,0,0.0,0,0.5697407723799074,0,0.26898658735693826,0,0,1,0,0,1
165,0,4,2.6205882352941177,0,0.019930618092903883,1,1.2323700070105037,0,0,1,0,0,1
166,1,0,5.241176470588235,0,0.2948356952364057,1,0.6373390713421251,0,0,1,0,0,1
167,1,0,2.6205882352941177,1,1.0508246573810356,0,1.7078513482980209,0,0,1,1,0,0
168,0,1,10.48235294117647,1,1.5319085423821637,0,0.8663464112275415,0,0,1,0,0,1
169,0,0,0.0,0,1.222640330595724,0,0.8050190219022945,0,0,1,1,0,0
170,0,0,0.0,0,0.9477352534522223,0,1.754298694603188,0,0,1,0,0,1
171,0,0,0.0,0,2.081718696669167,0,1.0402367303269764,0,0,1,1,0,0
172,0,4,2.6205882352941177,0,0.12302002202171705,1,0.9043849185305429,0,1,0,0,0,1
173,1,1,2.6205882352941177,1,0.019930618092903883,1,0.34570948029102466,0,0,1,0,0,1
174,0,0,0.0,0,0.7071933109516583,0,0.24608585336839664,0,0,1,0,0,1
175,0,0,0.0,0,1.9099030234544785,0,0.9531611530379344,1,0,0,1,0,0
176,0,1,2.6205882352941177,0,0.6041039070228451,0,0.24388738290549664,0,0,1,0,0,1
177,0,3,2.6205882352941177,0,0.1917462913075925,1,0.7907879623945674,0,0,1,0,0,1
178,0,0,0.0,1,1.7037242155968522,0,0.8915760334183077,1,0,0,1,0,0
179,0,0,0.0,0,1.0164615227380978,0,0.4036739550522595,0,0,1,0,1,0
180,0,0,0.0,0,1.222640330595724,0,0.0,0,0,1,0,0,1
181,0,8,5.241176470588235,1,1.2913665998815995,0,2.159655659529588,0,0,1,0,0,1
182,0,0,0.0,0,1.0508246573810356,0,0.4673302325797312,1,0,0,0,1,0
183,0,4,5.241176470588235,0,0.2948356952364057,1,0.9746397126309841,0,0,1,0,0,1
184,1,2,2.6205882352941177,0,0.019930618092903883,1,1.2110218651567786,0,0,1,0,1,0
185,1,0,5.241176470588235,1,0.12302002202171705,1,0.6839168353866165,0,0,1,0,0,1
186,0,0,0.0,0,0.7759195802375337,0,1.5525921348163827,0,0,1,1,0,0
187,1,1,0.0,1,0.8102827148804714,0,0.4813035617930786,0,1,0,0,0,1
188,1,0,0.0,0,1.5319085423821637,0,0.8244264235874992,0,0,1,1,0,0
189,0,1,2.6205882352941177,0,1.360092869167475,0,0.4813035617930786,0,1,0,0,0,1
190,0,0,0.0,0,1.222640330595724,0,0.2451791395616639,0,0,1,0,0,1
191,1,0,0.0,1,1.0851877920239732,0,0.4036739550522595,0,0,1,0,1,0
192,0,0,0.0,0,0.6384670416657828,0,0.4036739550522595,0,0,1,0,1,0
193,1,1,0.0,1,0.6384670416657828,0,0.24388738290549664,0,0,1,0,0,1
194,1,1,2.6205882352941177,0,0.08865688737877933,1,0.807347910104519,0,0,1,0,1,0
195,1,0,0.0,1,1.4975454077392258,0,0.8607819210163596,1,0,0,1,0,0
196,1,0,0.0,1,1.978629292740354,0,4.549740833340085,1,0,0,1,0,0
197,0,0,0.0,0,1.119550926666911,0,0.2406517808965393,0,1,0,0,0,1
198,0,0,2.6205882352941177,0,1.4288191384533504,0,0.26096589638847684,0,0,1,0,0,1
199,1,0,0.0,1,1.119550926666911,0,0.2406517808965393,0,1,0,0,0,1
200,0,0,0.0,1,0.8102827148804714,0,0.4036739550522595,0,0,1,0,1,0
201,0,0,0.0,0,0.9477352534522223,0,0.2949925056151127,0,0,1,0,0,1
202,0,8,5.241176470588235,0,1.0164615227380978,0,2.159655659529588,0,0,1,0,0,1
203,0,0,0.0,0,1.1539140613098486,0,0.20170655978680516,0,0,1,0,0,1
204,0,0,0.0,0,1.5490901097036325,0,0.22434956348096727,1,0,0,0,0,1
205,1,0,0.0,0,0.6041039070228451,0,0.24996733370543764,0,0,1,0,0,1
206,0,0,2.6205882352941177,1,0.054293752735841604,1,0.3248799042103281,0,0,1,0,0,1
207,0,1,0.0,0,1.0851877920239732,0,0.4921717067367933,0,0,1,0,0,1
208,1,0,0.0,0,0.8790089841663469,0,0.5833864946572558,1,0,0,0,0,1
209,1,0,0.0,1,0.5353776377369698,0,0.2406517808965393,0,1,0,0,0,1
210,1,0,0.0,0,1.360092869167475,0,0.9626071235861572,1,0,0,1,0,0
211,0,0,0.0,0,0.8102827148804714,0,0.21891549100910995,0,0,1,0,0,1
212,1,0,0.0,1,1.1882771959527865,0,0.6520886966228807,0,0,1,0,1,0
213,0,0,0.0,0,0.741556445594596,0,0.2251258595483755,0,0,1,0,0,1
214,0,0,0.0,0,1.0164615227380978,0,0.4036739550522595,0,0,1,0,1,0
215,0,1,0.0,0,1.222640330595724,0,0.2406517808965393,0,1,0,0,0,1
216,1,1,0.0,1,1.0508246573810356,0,3.517397481426515,1,0,0,1,0,0
217,1,0,0.0,1,0.9133721188092846,0,0.24608585336839664,0,0,1,0,0,1
218,0,1,0.0,0,1.4288191384533504,0,0.8383997528008467,0,0,1,0,1,0
219,1,0,0.0,1,1.0851877920239732,0,2.3689978674354206,1,0,0,1,0,0
220,0,0,0.0,0,1.0164615227380978,0,0.32604434831144036,0,0,1,0,1,0
221,1,0,0.0,0,0.5353776377369698,0,0.24996733370543764,0,0,1,0,0,1
222,0,0,0.0,0,0.9133721188092846,0,0.4036739550522595,0,0,1,0,1,0
223,0,0,0.0,0,1.73808735023979,0,0.24996733370543764,0,0,1,0,0,1
224,0,0,0.0,0,0.7759195802375337,0,0.2451791395616639,0,0,1,0,0,1
225,1,1,0.0,0,1.2913665998815995,0,2.7946658426694886,0,0,1,1,0,0
226,0,0,0.0,0,0.741556445594596,0,0.29033472921066356,0,0,1,0,0,1
227,1,0,0.0,0,0.6384670416657828,0,0.32604434831144036,0,0,1,0,1,0
228,0,0,0.0,0,0.6900117436301895,0,0.2251258595483755,0,0,1,0,0,1
229,0,0,0.0,0,0.6041039070228451,0,0.4036739550522595,0,0,1,0,1,0
230,0,3,2.6205882352941177,1,1.1539140613098486,0,0.7907879623945674,0,0,1,0,0,1
231,1,1,0.0,1,1.1882771959527865,0,2.5920525690759506,0,0,1,1,0,0
232,0,0,0.0,0,0.98209838809516,0,0.24142807696394752,0,0,1,0,0,1
233,0,0,0.0,0,2.0129924273832915,0,0.41919987640042333,0,0,1,0,1,0
234,1,4,5.241176470588235,1,0.15738315666465477,1,0.9746397126309841,0,0,1,0,0,1
235,0,0,0.0,0,0.8102827148804714,0,0.32604434831144036,0,0,1,0,1,0
236,0,0,0.0,1,0.8790089841663469,0,0.23444141235727378,0,0,1,0,0,1
237,0,1,0.0,0,1.4975454077392258,0,0.807347910104519,0,0,1,0,1,0
238,1,0,5.241176470588235,1,0.26047256059346796,1,0.8151108707786009,0,0,1,0,1,0
239,0,0,0.0,0,0.6384670416657828,0,0.32604434831144036,0,0,1,0,1,0
240,0,0,0.0,0,1.119550926666911,0,0.38116136909742193,0,0,1,0,1,0
241,0,1,0.0,1,0.98209838809516,0,0.4488295447012592,1,0,0,0,0,1
242,1,1,0.0,1,1.4631822730962882,0,0.4813035617930786,0,1,0,0,0,1
243,0,0,0.0,0,0.98209838809516,0,0.32604434831144036,0,0,1,0,1,0
244,0,0,0.0,0,0.741556445594596,0,0.22124437921133452,0,0,1,0,0,1
245,0,0,0.0,0,1.0164615227380978,0,0.22434956348096727,1,0,0,0,0,1
246,0,2,0.0,0,1.4975454077392258,0,2.7946658426694886,0,1,0,1,0,0
247,0,0,0.0,1,0.8446458495234092,0,0.24142807696394752,0,0,1,0,0,1
248,1,0,5.241176470588235,1,0.8102827148804714,0,0.450251719096751,0,0,1,0,1,0
249,1,1,2.6205882352941177,0,1.257003465238662,0,1.6319047514313427,0,0,1,1,0,0
250,0,1,0.0,0,1.841176754168603,0,0.807347910104519,0,0,1,0,1,0
251,0,0,0.0,0,1.360092869167475,0,0.2251258595483755,0,0,1,0,0,1
252,0,1,2.6205882352941177,1,0.98209838809516,0,0.3248799042103281,0,0,1,0,0,1
253,0,0,0.0,0,2.116081831312105,0,0.8244264235874992,0,0,1,1,0,0
254,0,1,0.0,0,1.0164615227380978,0,0.4999346674108753,0,0,1,0,0,1
255,0,0,5.241176470588235,1,1.3944560038104128,0,0.6276353704995227,0,0,1,0,0,1
256,1,0,5.241176470588235,1,0.98209838809516,0,0.4734101833796721,1,0,0,0,0,1
257,1,0,0.0,1,0.6728301763087206,0,2.4593059415491503,1,0,0,1,0,0
258,1,0,0.0,1,1.0164615227380978,0,2.685984393232342,0,0,1,1,0,0
259,1,0,0.0,1,1.1882771959527865,0,15.908765727135389,1,0,0,1,0,0
260,1,0,2.6205882352941177,1,1.7037242155968522,0,0.807347910104519,0,0,1,0,1,0
261,0,0,0.0,0,0.9477352534522223,0,0.2406517808965393,0,1,0,0,0,1
262,1,4,5.241176470588235,0,0.08865688737877933,1,0.9746397126309841,0,0,1,0,0,1
263,0,1,2.6205882352941177,0,1.7724504848827276,0,2.4732792707624975,0,0,1,1,0,0
264,0,0,0.0,0,1.360092869167475,0,0.0,0,0,1,1,0,0
265,0,0,0.0,1,0.8102827148804714,0,0.2406517808965393,0,1,0,0,0,1
266,0,0,0.0,0,1.222640330595724,0,0.32604434831144036,0,0,1,0,1,0
267,0,4,2.6205882352941177,0,0.5353776377369698,0,1.2323700070105037,0,0,1,0,0,1
268,1,1,0.0,0,0.8446458495234092,0,0.24142807696394752,0,0,1,0,0,1
269,1,0,2.6205882352941177,1,1.978629292740354,0,4.7652934097851825,0,0,1,1,0,0
270,1,0,0.0,1,1.1882771959527865,0,4.2116638959838175,0,0,1,1,0,0
271,0,0,0.0,0,1.360092869167475,0,0.9626071235861572,0,0,1,1,0,0
272,1,0,0.0,0,0.8446458495234092,0,0.0,0,0,1,0,0,1
273,1,0,2.6205882352941177,1,1.3944560038104128,0,0.6055109325783893,0,0,1,0,1,0
274,0,0,2.6205882352941177,0,1.257003465238662,0,0.9222397280809312,1,0,0,1,0,0
275,1,0,0.0,1,1.1882771959527865,0,0.2406517808965393,0,1,0,0,0,1
276,1,1,0.0,1,2.150444965955043,0,2.4207488684731198,0,0,1,1,0,0
277,0,0,0.0,1,1.5319085423821637,0,0.2406517808965393,0,0,1,0,0,1
278,0,0,0.0,0,0.9477352534522223,0,0.0,0,0,1,0,1,0
279,0,4,2.6205882352941177,0,0.2261094259505302,1,0.9043849185305429,0,1,0,0,0,1
280,1,1,2.6205882352941177,1,1.1882771959527865,0,0.6287998146006349,0,0,1,0,0,1
281,0,0,0.0,0,2.219171235240918,0,0.2406517808965393,0,1,0,0,0,1
282,0,0,0.0,0,0.9477352534522223,0,0.24388738290549664,0,0,1,0,0,1
283,0,0,0.0,0,0.5353776377369698,0,0.2949925056151127,0,0,1,0,0,1
284,1,0,0.0,0,0.6384670416657828,0,0.24996733370543764,0,0,1,0,0,1
285,0,0,0.0,0,0.5697407723799074,0,0.807347910104519,0,0,1,1,0,0
286,0,0,0.0,0,1.119550926666911,0,0.26898658735693826,1,0,0,0,0,1
287,1,0,0.0,0,1.0164615227380978,0,0.2949925056151127,0,0,1,0,0,1
288,0,0,0.0,0,0.741556445594596,0,0.2451791395616639,0,0,1,0,0,1
289,1,0,0.0,0,1.4288191384533504,0,0.4036739550522595,0,0,1,0,1,0
290,1,0,0.0,1,0.741556445594596,0,0.2406517808965393,0,1,0,0,0,1
291,1,0,0.0,1,0.8790089841663469,0,2.448437796605435,0,0,1,1,0,0
292,1,1,0.0,1,0.6384670416657828,0,2.8281769913073656,1,0,0,1,0,0
293,0,0,0.0,0,1.222640330595724,0,0.3997924747152185,1,0,0,0,1,0
294,0,0,0.0,1,0.8102827148804714,0,0.2748088078624997,0,0,1,0,0,1
295,0,0,0.0,0,0.8102827148804714,0,0.2451791395616639,0,0,1,0,0,1
296,0,0,0.0,0,1.0508246573810356,0,0.8607819210163596,1,0,0,1,0,0
297,0,0,0.0,0,0.7931011475590026,0,0.22447998122029186,1,0,0,0,0,1
298,0,1,5.241176470588235,1,0.054293752735841604,1,4.705906760628456,0,0,1,1,0,0
299,1,0,0.0,0,1.2913665998815995,0,0.9470812022379934,0,0,1,1,0,0
300,1,0,2.6205882352941177,1,1.7037242155968522,0,7.685976945669178,1,0,0,1,0,0
301,1,0,0.0,1,1.0508246573810356,0,0.2406517808965393,0,1,0,0,0,1
302,1,2,0.0,0,1.1882771959527865,0,0.7219553426896179,0,1,0,0,0,1
303,0,0,0.0,0,0.6384670416657828,0,0.0,0,0,1,0,0,1
304,1,0,0.0,1,0.501014503094032,0,0.3834902572996465,0,1,0,0,1,0
305,0,0,0.0,0,1.0164615227380978,0,0.24996733370543764,0,0,1,0,0,1
306,1,1,5.241176470588235,0,0.01718156732146886,1,4.705906760628456,0,0,1,1,0,0
307,1,0,0.0,1,1.3944560038104128,0,3.4431307892497083,1,0,0,1,0,0
308,1,1,0.0,1,0.5697407723799074,0,3.3815456696300816,1,0,0,1,0,0
309,0,1,0.0,0,1.0164615227380978,0,0.7452442247118637,1,0,0,0,1,0
310,1,0,0.0,1,1.0164615227380978,0,1.7677565632277763,1,0,0,1,0,0
311,1,0,0.0,1,0.8102827148804714,0,2.5822184504940235,1,0,0,1,0,0
312,1,2,5.241176470588235,1,0.6041039070228451,0,8.147227227448967,1,0,0,1,0,0
313,0,1,2.6205882352941177,1,0.8790089841663469,0,0.807347910104519,0,0,1,0,1,0
314,0,0,0.0,0,0.9477352534522223,0,0.2451791395616639,0,0,1,0,0,1
315,0,1,2.6205882352941177,0,1.4631822730962882,0,0.8151108707786009,0,0,1,0,1,0
316,1,0,0.0,1,0.8790089841663469,0,0.24388738290549664,0,0,1,0,0,1
317,1,1,0.0,1,0.8102827148804714,0,0.807347910104519,0,0,1,0,1,0
318,0,0,0.0,0,1.841176754168603,0,0.43472579774858716,0,0,1,0,1,0
319,1,0,5.241176470588235,1,1.0508246573810356,0,5.119414834262643,0,0,1,1,0,0
320,1,1,2.6205882352941177,1,1.360092869167475,0,4.176472842656069,1,0,0,1,0,0
321,0,0,0.0,0,0.741556445594596,0,0.2251258595483755,0,0,1,0,0,1
322,0,0,0.0,0,0.9133721188092846,0,0.2451791395616639,0,0,1,0,0,1
323,1,0,0.0,1,1.0164615227380978,0,0.3834902572996465,0,1,0,0,1,0
324,1,1,2.6205882352941177,1,0.741556445594596,0,0.900503438193502,0,0,1,0,1,0
325,0,8,5.241176470588235,0,1.222640330595724,0,2.159655659529588,0,0,1,0,0,1
326,1,0,0.0,1,1.222640330595724,0,4.2116638959838175,1,0,0,1,0,0
327,0,0,0.0,0,2.081718696669167,0,0.19368586881834374,0,0,1,0,0,1
328,1,0,0.0,1,1.222640330595724,0,0.4036739550522595,0,0,1,0,1,0
329,1,1,2.6205882352941177,1,1.0508246573810356,0,0.6373390713421251,0,0,1,0,0,1
330,1,0,2.6205882352941177,1,0.5353776377369698,0,1.8003609980589201,1,0,0,1,0,0
331,1,2,0.0,1,0.8790089841663469,0,0.7219553426896179,0,1,0,0,0,1
332,0,0,0.0,0,1.5490901097036325,0,0.8849775168453381,0,0,1,1,0,0
333,0,0,2.6205882352941177,0,1.2913665998815995,0,4.7652934097851825,0,0,1,1,0,0
334,0,2,0.0,0,0.5353776377369698,0,0.5589331685338977,0,0,1,0,0,1
335,1,1,0.0,1,0.501014503094032,0,4.150078776364191,0,0,1,1,0,0
336,0,0,0.0,0,1.119550926666911,0,0.2451791395616639,0,0,1,0,0,1
337,0,1,0.0,0,0.98209838809516,0,2.0680527235754216,0,0,1,1,0,0
338,1,0,0.0,1,1.3944560038104128,0,4.176472842656069,1,0,0,1,0,0
339,1,0,0.0,0,1.5319085423821637,0,0.24996733370543764,0,0,1,0,0,1
340,0,0,0.0,0,1.5319085423821637,0,1.1023404157196317,0,0,1,1,0,0
341,1,1,2.6205882352941177,0,0.054293752735841604,1,0.807347910104519,0,0,1,0,1,0
342,1,3,5.241176470588235,1,0.8102827148804714,0,8.166634629134172,0,0,1,1,0,0
343,0,0,0.0,0,0.9477352534522223,0,0.4036739550522595,0,0,1,0,1,0
344,0,0,0.0,0,0.8446458495234092,0,0.4036739550522595,0,0,1,0,1,0
345,0,0,0.0,0,1.222640330595724,0,0.4036739550522595,0,0,1,0,1,0
346,1,0,0.0,1,0.8102827148804714,0,0.4036739550522595,0,0,1,0,1,0
347,1,0,0.0,1,1.360092869167475,0,0.4036739550522595,0,0,1,0,1,0
348,1,1,0.0,1,1.0508246573810356,0,0.4999346674108753,0,0,1,0,0,1
349,1,1,2.6205882352941177,0,0.08865688737877933,1,0.4937242988716097,0,0,1,0,0,1
350,0,0,0.0,0,1.4288191384533504,0,0.26898658735693826,0,0,1,0,0,1
351,0,0,0.0,0,0.7759195802375337,0,0.2864532488736226,0,0,1,0,0,1
352,0,0,0.0,0,1.119550926666911,0,1.086814494371468,0,0,1,1,0,0
353,0,1,2.6205882352941177,0,0.501014503094032,0,0.22447998122029186,1,0,0,0,0,1
354,0,1,0.0,0,0.8446458495234092,0,0.5527227999946323,0,0,1,0,0,1
355,0,0,0.0,0,0.98209838809516,0,0.22434956348096727,1,0,0,0,0,1
356,0,0,0.0,0,0.9477352534522223,0,0.2949925056151127,0,0,1,0,0,1
357,1,0,2.6205882352941177,1,0.741556445594596,0,1.7078513482980209,0,0,1,1,0,0
358,0,0,0.0,1,1.2913665998815995,0,0.4036739550522595,0,0,1,0,1,0
359,1,0,0.0,1,1.2913665998815995,0,0.24466367897290484,0,1,0,0,0,1
360,1,0,0.0,1,1.0851877920239732,0,0.24466367897290484,0,1,0,0,0,1
361,0,1,10.48235294117647,0,1.360092869167475,0,0.8663464112275415,0,0,1,0,0,1
362,0,1,0.0,0,0.98209838809516,0,0.8607819210163596,1,0,0,0,1,0
363,0,0,2.6205882352941177,1,1.5319085423821637,0,0.4488295447012592,1,0,0,0,0,1
364,0,0,0.0,0,1.1882771959527865,0,0.21891549100910995,0,0,1,0,0,1
365,0,1,0.0,0,0.6728301763087206,0,0.4813035617930786,0,1,0,0,0,1
366,0,0,0.0,0,1.0164615227380978,0,0.2251258595483755,0,0,1,0,0,1
367,1,1,0.0,1,2.0473555620262296,0,2.3366511628986557,1,0,0,1,0,0
368,1,0,0.0,1,1.2913665998815995,0,0.22447998122029186,1,0,0,0,0,1
369,1,0,0.0,1,0.98209838809516,0,0.2406517808965393,0,1,0,0,0,1
370,1,0,0.0,1,0.8102827148804714,0,2.151892698855506,1,0,0,1,0,0
371,1,1,0.0,0,0.8446458495234092,0,1.7215669472169888,1,0,0,1,0,0
372,0,1,0.0,0,0.6041039070228451,0,0.20170655978680516,0,0,1,0,0,1
373,0,0,0.0,0,0.6384670416657828,0,0.24996733370543764,0,0,1,0,0,1
374,0,0,0.0,0,0.741556445594596,0,4.2116638959838175,1,0,0,1,0,0
375,0,3,2.6205882352941177,1,0.08865688737877933,1,0.6544175848251053,0,0,1,0,0,1
376,1,1,0.0,1,0.741556445594596,0,2.5515547558314005,1,0,0,1,0,0
377,1,0,0.0,1,0.741556445594596,0,0.2251258595483755,0,0,1,0,0,1
378,0,0,5.241176470588235,0,0.9133721188092846,0,6.567464730273299,1,0,0,1,0,0
379,0,0,0.0,0,0.6728301763087206,0,0.1245955188190147,1,0,0,0,0,1
380,0,0,0.0,0,0.6384670416657828,0,0.24142807696394752,0,0,1,0,0,1
381,1,0,0.0,1,1.4288191384533504,0,7.0650705094819495,1,0,0,1,0,0
382,1,0,5.241176470588235,1,0.019930618092903883,1,0.488808792172781,1,0,0,0,0,1
383,0,0,0.0,0,1.0851877920239732,0,0.24608585336839664,0,0,1,0,0,1
384,1,1,0.0,1,1.1882771959527865,0,1.614695820209038,0,0,1,1,0,0
385,0,0,0.0,0,0.7071933109516583,0,0.2451791395616639,0,0,1,0,0,1
386,0,0,0.0,0,0.6041039070228451,0,2.2823104381800823,0,0,1,0,1,0
387,0,5,5.241176470588235,0,0.019930618092903883,1,1.4563314224577668,0,0,1,0,0,1
388,1,0,0.0,1,1.222640330595724,0,0.4036739550522595,0,0,1,0,1,0
389,0,0,0.0,0,1.0164615227380978,0,0.2400059025684557,0,1,0,0,0,1
390,1,0,0.0,1,0.5697407723799074,0,0.37262211235593184,1,0,0,0,1,0
391,1,1,5.241176470588235,0,1.222640330595724,0,3.726221123559318,0,0,1,1,0,0
392,1,0,0.0,0,0.7071933109516583,0,0.2420739552920311,0,0,1,0,0,1
393,0,2,0.0,0,0.9477352534522223,0,0.24608585336839664,0,0,1,0,0,1
394,1,1,0.0,1,0.7759195802375337,0,3.517397481426515,1,0,0,1,0,0
395,1,0,5.241176470588235,1,0.8102827148804714,0,0.5185657730286718,0,0,1,0,0,1
396,0,0,0.0,0,0.741556445594596,0,0.2420739552920311,0,0,1,0,0,1
397,0,0,0.0,1,1.0508246573810356,0,0.24388738290549664,0,0,1,0,0,1
398,0,0,0.0,0,1.5662716770251013,0,0.807347910104519,0,0,1,0,1,0
399,0,0,0.0,0,0.7759195802375337,0,0.32604434831144036,0,0,1,0,1,0
400,1,0,0.0,1,0.9477352534522223,0,0.3928058101085448,0,0,1,0,1,0
401,1,0,0.0,0,1.3257297345245374,0,0.24608585336839664,0,0,1,0,0,1
402,0,0,0.0,0,0.8790089841663469,0,0.24996733370543764,0,0,1,0,0,1
403,0,1,0.0,1,0.7071933109516583,0,0.3050843544914192,0,0,1,0,0,1
404,0,1,0.0,0,0.9477352534522223,0,0.4921717067367933,0,0,1,0,0,1
405,0,0,0.0,1,0.6728301763087206,0,0.26898658735693826,0,0,1,0,0,1
406,0,1,0.0,0,1.1539140613098486,0,0.6520886966228807,0,0,1,0,1,0
407,0,0,0.0,0,1.73808735023979,0,0.2406517808965393,0,0,1,0,0,1
408,1,1,2.6205882352941177,0,0.08865688737877933,1,0.5822220505561435,0,0,1,0,1,0
409,0,0,0.0,0,0.7071933109516583,0,0.24142807696394752,0,0,1,0,0,1
410,0,3,2.6205882352941177,1,0.5353776377369698,0,0.7907879623945674,0,0,1,0,0,1
411,0,0,0.0,0,1.257003465238662,0,0.2451791395616639,0,0,1,0,0,1
412,0,0,0.0,0,0.501014503094032,0,0.21296285276422394,0,1,0,0,0,1
413,1,1,0.0,1,1.119550926666911,0,2.7946658426694886,0,1,0,1,0,0
414,0,0,0.0,0,1.3944560038104128,0,0.0,0,0,1,0,1,0
415,1,0,0.0,0,1.4975454077392258,0,0.24608585336839664,0,0,1,0,0,1
416,0,0,0.0,1,1.0508246573810356,0,0.24996733370543764,0,0,1,0,0,1
417,1,1,2.6205882352941177,1,1.1539140613098486,0,1.0091848876306486,0,0,1,0,1,0
418,1,0,5.241176470588235,1,0.6041039070228451,0,0.4036739550522595,0,0,1,0,1,0
419,0,0,0.0,0,1.0164615227380978,0,0.4036739550522595,0,0,1,0,1,0
420,0,0,5.241176470588235,1,0.3291988298793434,1,0.7499020011163128,0,0,1,0,0,1
421,0,0,0.0,0,1.4288191384533504,0,0.2451791395616639,1,0,0,0,0,1
422,0,0,0.0,0,0.7071933109516583,0,0.24013321512351063,0,1,0,0,0,1
423,0,0,0.0,0,0.98209838809516,0,0.24453326123358027,0,0,1,0,0,1
424,0,1,2.6205882352941177,1,0.9477352534522223,0,0.4471465348271182,0,0,1,0,0,1
425,0,1,2.6205882352941177,0,0.6041039070228451,0,0.6276353704995227,0,0,1,0,0,1
426,0,0,0.0,0,0.5697407723799074,0,0.2251258595483755,0,0,1,0,0,1
427,1,1,0.0,1,0.9477352534522223,0,0.807347910104519,0,0,1,0,1,0
428,1,0,0.0,1,0.6384670416657828,0,0.807347910104519,0,0,1,0,1,0
429,0,0,0.0,0,1.360092869167475,0,0.2406517808965393,0,1,0,0,0,1
430,1,0,0.0,0,1.0851877920239732,0,0.24996733370543764,0,0,1,0,0,1
431,1,0,0.0,0,0.9477352534522223,0,0.8244264235874992,0,0,1,1,0,0
432,1,1,0.0,1,1.222640330595724,0,0.4999346674108753,0,0,1,0,0,1
433,1,1,0.0,1,1.4288191384533504,0,0.807347910104519,0,0,1,0,1,0
434,0,0,0.0,0,0.5697407723799074,0,0.22124437921133452,0,0,1,0,0,1
435,0,1,0.0,0,1.7037242155968522,0,1.7357980067247158,0,0,1,1,0,0
436,1,1,5.241176470588235,1,0.4666513684510943,0,3.726221123559318,0,0,1,1,0,0
437,0,2,5.241176470588235,1,0.7071933109516583,0,1.067407092686263,0,0,1,0,0,1
438,1,2,7.861764705882353,1,0.8102827148804714,0,0.5822220505561435,0,0,1,0,1,0
439,0,1,10.48235294117647,0,2.1848081005979805,0,8.166634629134172,0,0,1,1,0,0
440,0,0,0.0,0,1.0508246573810356,0,0.32604434831144036,0,0,1,0,1,0
441,1,1,2.6205882352941177,1,1.5319085423821637,0,0.8151108707786009,0,0,1,0,1,0
442,0,0,0.0,0,0.6728301763087206,0,0.2949925056151127,0,0,1,0,0,1
443,0,1,0.0,0,0.8446458495234092,0,0.24142807696394752,0,0,1,0,0,1
444,1,0,0.0,1,0.9477352534522223,0,0.4036739550522595,0,0,1,0,1,0
445,1,0,0.0,0,0.8446458495234092,0,0.2519080738739581,0,0,1,0,0,1
446,1,0,5.241176470588235,0,0.12302002202171705,1,2.541851054988798,0,0,1,1,0,0
447,1,0,2.6205882352941177,1,0.43228823380815656,0,0.6055109325783893,0,0,1,0,1,0
448,1,0,0.0,0,1.1539140613098486,0,0.8244264235874992,0,0,1,1,0,0
449,1,2,2.6205882352941177,1,0.15738315666465477,1,0.5980057021986868,1,0,0,0,0,1
450,1,0,0.0,0,1.7724504848827276,0,0.9470812022379934,0,0,1,1,0,0
451,0,1,5.241176470588235,0,1.222640330595724,0,0.8616886348230923,0,0,1,0,1,0
452,0,1,0.0,0,1.1539140613098486,0,0.6200028275647653,0,0,1,0,0,1
453,0,0,0.0,0,1.0164615227380978,0,0.8616886348230923,1,0,0,1,0,0
454,1,1,0.0,0,1.6693610809539146,0,2.7668496019821185,1,0,0,1,0,0
455,0,0,0.0,0,1.1539140613098486,0,0.24996733370543764,0,0,1,0,0,1
456,1,0,0.0,0,0.98209838809516,0,0.2451791395616639,1,0,0,0,0,1
457,0,0,0.0,0,2.219171235240918,0,0.8244264235874992,0,0,1,1,0,0
458,1,1,0.0,1,1.3944560038104128,0,1.6104261918382927,0,0,1,1,0,0
459,1,0,0.0,1,1.7037242155968522,0,0.32604434831144036,0,0,1,0,1,0
460,0,0,0.0,0,0.7071933109516583,0,0.2406517808965393,0,1,0,0,0,1
461,1,0,0.0,0,1.6349979463109767,0,0.8244264235874992,0,0,1,1,0,0
462,0,0,0.0,0,1.1539140613098486,0,0.24996733370543764,0,0,1,0,0,1
463,0,0,0.0,0,1.6006348116680391,0,1.1954959438086146,0,0,1,1,0,0
464,0,0,0.0,0,1.6349979463109767,0,0.4036739550522595,0,0,1,0,1,0
465,0,0,0.0,0,0.5697407723799074,0,0.24996733370543764,0,0,1,0,0,1
466,0,0,0.0,0,1.2913665998815995,0,0.21891549100910995,0,0,1,0,0,1
467,0,0,0.0,0,1.0508246573810356,0,0.0,0,0,1,0,1,0
468,0,0,0.0,0,1.9099030234544785,0,0.8244264235874992,0,0,1,1,0,0
469,0,0,0.0,0,0.5697407723799074,0,0.2398754848291311,0,1,0,0,0,1
470,1,2,2.6205882352941177,1,0.01133983443216945,1,0.5980057021986868,1,0,0,0,0,1
471,0,0,0.0,0,0.98209838809516,0,0.2251258595483755,0,0,1,0,0,1
472,0,0,0.0,0,1.2913665998815995,0,0.26898658735693826,0,0,1,0,0,1
473,1,1,5.241176470588235,1,1.119550926666911,0,0.8616886348230923,0,0,1,0,1,0
474,1,0,0.0,1,0.7759195802375337,0,0.4282576989149421,1,0,0,0,1,0
475,0,0,0.0,1,0.741556445594596,0,0.3054725025251233,0,0,1,0,0,1
476,0,0,0.0,0,0.8446458495234092,0,1.614695820209038,0,0,1,1,0,0
477,0,1,0.0,0,1.1539140613098486,0,0.6520886966228807,0,0,1,0,1,0
478,0,1,0.0,0,0.98209838809516,0,0.21878507326978539,0,0,1,0,0,1
479,0,0,0.0,0,0.741556445594596,0,0.23353469855054101,0,0,1,0,0,1
480,1,0,2.6205882352941177,1,0.054293752735841604,1,0.381549517131126,0,0,1,0,0,1
481,0,5,5.241176470588235,0,0.2948356952364057,1,1.4563314224577668,0,0,1,0,0,1
482,0,0,0.0,0,1.3944560038104128,0,0.0,0,0,1,0,1,0
483,0,0,0.0,0,1.7037242155968522,0,0.24996733370543764,0,0,1,0,0,1
484,1,0,0.0,1,2.150444965955043,0,0.29770954185104137,0,0,1,0,0,1
485,1,1,0.0,0,0.8446458495234092,0,2.8281769913073656,1,0,0,1,0,0
486,0,3,2.6205882352941177,1,1.360092869167475,0,0.7907879623945674,0,0,1,0,0,1
487,1,1,0.0,1,1.1882771959527865,0,2.7946658426694886,0,0,1,1,0,0
488,0,0,0.0,0,1.978629292740354,0,0.9222397280809312,1,0,0,1,0,0
489,0,0,0.0,0,1.0164615227380978,0,0.24996733370543764,0,0,1,0,0,1
490,1,1,2.6205882352941177,0,0.2948356952364057,1,0.4937242988716097,0,0,1,0,0,1
491,0,1,0.0,0,0.9133721188092846,0,0.6200028275647653,0,0,1,0,0,1
492,0,0,0.0,0,0.7071933109516583,0,0.2251258595483755,0,0,1,0,0,1
493,0,0,0.0,0,1.8755398888115409,0,0.9470812022379934,0,0,1,1,0,0
494,0,0,0.0,0,2.4253500430985446,0,1.5371966312075434,1,0,0,1,0,0
495,0,0,0.0,0,0.7071933109516583,0,0.24996733370543764,0,0,1,0,0,1
496,0,0,0.0,0,1.0164615227380978,0,0.44895685725631407,1,0,0,0,0,1
497,1,1,0.0,1,1.841176754168603,0,2.4303252567606677,1,0,0,1,0,0
498,0,0,0.0,0,1.3257297345245374,0,0.46888282471454756,0,0,1,0,0,1
499,0,1,5.241176470588235,1,0.8446458495234092,0,4.705906760628456,0,0,1,1,0,0
500,0,0,0.0,0,0.8102827148804714,0,0.2420739552920311,0,0,1,0,0,1
501,0,0,0.0,0,0.5697407723799074,0,0.26898658735693826,0,0,1,0,0,1
502,0,0,0.0,1,0.7071933109516583,0,0.2406517808965393,0,1,0,0,0,1
503,0,0,0.0,1,1.1882771959527865,0,0.23690071829882292,0,1,0,0,0,1
504,0,0,0.0,1,1.257003465238662,0,0.29770954185104137,0,0,1,0,0,1
505,1,0,0.0,1,0.5353776377369698,0,2.685984393232342,0,0,1,1,0,0
506,0,1,0.0,0,0.6041039070228451,0,3.3815456696300816,1,0,0,1,0,0
507,1,0,5.241176470588235,1,1.119550926666911,0,0.807347910104519,0,0,1,0,1,0
508,1,0,0.0,0,0.8102827148804714,0,0.8244264235874992,0,0,1,1,0,0
509,0,0,0.0,0,0.9477352534522223,0,0.6994427567347803,0,0,1,0,0,1
510,1,0,0.0,0,0.8790089841663469,0,1.754298694603188,0,0,1,0,0,1
511,1,0,0.0,0,0.98209838809516,0,0.2406517808965393,0,1,0,0,0,1
512,0,0,0.0,0,1.1882771959527865,0,0.24996733370543764,0,0,1,0,0,1
513,1,0,0.0,0,1.222640330595724,0,0.8162753148797132,0,0,1,1,0,0
514,1,1,0.0,1,1.841176754168603,0,1.8444794561618625,1,0,0,1,0,0
515,0,0,0.0,0,0.8102827148804714,0,0.23275840248313281,0,0,1,0,0,1
516,0,0,0.0,0,1.6006348116680391,0,1.0564085300032238,0,0,1,1,0,0
517,1,0,0.0,1,1.1539140613098486,0,0.32604434831144036,0,0,1,0,1,0
518,0,0,0.0,0,0.6384670416657828,0,0.7499020011163128,0,1,0,0,0,1
519,1,1,0.0,1,1.222640330595724,0,0.807347910104519,0,0,1,0,1,0
520,0,0,0.0,0,1.0851877920239732,0,0.2451791395616639,0,0,1,0,0,1
521,1,0,0.0,1,1.0164615227380978,0,2.9033472921066354,0,0,1,1,0,0
522,0,0,0.0,0,0.741556445594596,0,0.2451791395616639,0,0,1,0,0,1
523,0,0,0.0,0,1.222640330595724,0,0.22434956348096727,1,0,0,0,0,1
524,1,0,2.6205882352941177,1,1.4975454077392258,0,1.8003609980589201,1,0,0,1,0,0
525,0,0,0.0,0,1.3257297345245374,0,0.22447998122029186,1,0,0,0,0,1
526,0,0,0.0,0,1.377274436488944,0,0.2406517808965393,0,1,0,0,0,1
527,1,0,0.0,1,1.7037242155968522,0,0.32604434831144036,0,0,1,0,1,0
528,0,0,0.0,0,0.7759195802375337,0,6.88665283171739,0,0,1,1,0,0
529,0,0,0.0,0,1.3257297345245374,0,0.24608585336839664,0,0,1,0,0,1
530,0,2,2.6205882352941177,0,0.7759195802375337,0,0.357096191007768,0,0,1,0,1,0
531,1,1,2.6205882352941177,1,0.054293752735841604,1,0.807347910104519,0,0,1,0,1,0
532,0,0,0.0,0,0.9133721188092846,0,0.22447998122029186,1,0,0,0,0,1
533,0,1,2.6205882352941177,0,0.5697407723799074,0,0.22447998122029186,1,0,0,0,0,1
534,1,0,5.241176470588235,1,0.98209838809516,0,0.6942664145573025,1,0,0,0,0,1
535,0,0,0.0,1,1.0164615227380978,0,0.26898658735693826,0,0,1,0,0,1
536,1,0,5.241176470588235,1,0.2261094259505302,1,0.8151108707786009,0,0,1,0,1,0
537,0,0,0.0,0,1.5319085423821637,0,0.8244264235874992,0,0,1,1,0,0
538,1,0,0.0,1,1.0164615227380978,0,3.3046923589566704,1,0,0,1,0,0
539,0,0,0.0,0,0.741556445594596,0,0.450251719096751,0,0,1,0,0,1
540,1,0,5.241176470588235,1,0.741556445594596,0,1.537066213468219,1,0,0,1,0,0
541,1,0,5.241176470588235,1,1.222640330595724,0,2.2046808314392634,0,0,1,1,0,0
542,0,4,5.241176470588235,1,0.2948356952364057,1,0.9711463803276473,0,0,1,0,0,1
543,0,4,5.241176470588235,1,0.3635619645222811,1,0.9711463803276473,0,0,1,0,0,1
544,1,1,0.0,0,1.0851877920239732,0,0.807347910104519,0,0,1,0,1,0
545,0,1,0.0,0,1.7037242155968522,0,3.3046923589566704,1,0,0,1,0,0
546,0,0,0.0,0,2.1848081005979805,0,0.807347910104519,0,0,1,1,0,0
547,1,1,0.0,1,0.6384670416657828,0,0.807347910104519,0,0,1,0,1,0
548,1,0,0.0,0,1.119550926666911,0,0.4304561693778421,1,0,0,0,1,0
549,0,1,2.6205882352941177,0,1.119550926666911,0,0.6373390713421251,0,0,1,0,0,1
550,1,1,2.6205882352941177,0,0.26047256059346796,1,1.1411552190900411,0,0,1,0,1,0
551,1,0,5.241176470588235,0,0.5697407723799074,0,3.4431307892497083,1,0,0,1,0,0
552,0,0,0.0,0,0.9133721188092846,0,0.807347910104519,0,0,1,0,1,0
553,0,0,0.0,0,1.3944560038104128,0,0.24311108683808846,0,1,0,0,0,1
554,1,0,0.0,0,0.741556445594596,0,0.22434956348096727,1,0,0,0,0,1
555,1,0,0.0,1,0.741556445594596,0,0.24142807696394752,0,0,1,0,0,1
556,0,0,0.0,0,2.116081831312105,0,0.8244264235874992,0,0,1,1,0,0
557,1,1,0.0,1,1.6349979463109767,0,1.2296529707745751,1,0,0,1,0,0
558,0,0,0.0,0,0.5697407723799074,0,7.0650705094819495,1,0,0,1,0,0
559,1,1,2.6205882352941177,1,1.3257297345245374,0,2.4732792707624975,0,0,1,1,0,0
560,1,1,0.0,1,1.222640330595724,0,0.5403020629161012,0,0,1,0,0,1
561,0,0,0.0,0,1.4288191384533504,0,0.2406517808965393,0,1,0,0,0,1
562,0,0,0.0,0,1.360092869167475,0,0.2451791395616639,0,0,1,0,0,1
563,0,0,0.0,0,0.9477352534522223,0,0.41919987640042333,0,0,1,0,1,0
564,0,0,0.0,0,0.9133721188092846,0,0.24996733370543764,0,0,1,0,0,1
565,0,0,0.0,1,0.8446458495234092,0,0.24996733370543764,0,0,1,0,0,1
566,0,2,0.0,0,0.8102827148804714,0,0.7499020011163128,0,0,1,0,0,1
567,0,0,0.0,0,0.6384670416657828,0,0.2451791395616639,0,0,1,0,0,1
568,0,0,10.48235294117647,1,0.98209838809516,0,0.6544175848251053,0,0,1,0,0,1
569,0,0,0.0,0,1.119550926666911,0,0.22447998122029186,1,0,0,0,0,1
570,1,0,0.0,0,1.0851877920239732,0,0.24388738290549664,0,0,1,0,0,1
571,1,0,0.0,0,2.116081831312105,0,0.32604434831144036,0,0,1,0,1,0
572,1,2,0.0,1,1.8068136195256654,0,1.5985240205327904,0,0,1,1,0,0
573,1,0,0.0,0,1.222640330595724,0,0.819380499149346,0,0,1,1,0,0
574,1,0,0.0,1,1.0851877920239732,0,0.2406517808965393,0,1,0,0,0,1
575,0,0,0.0,0,0.5353776377369698,0,0.24996733370543764,0,0,1,0,0,1
576,0,0,0.0,0,0.6384670416657828,0,0.450251719096751,0,0,1,0,0,1
577,1,0,0.0,1,1.1539140613098486,0,0.4036739550522595,0,0,1,0,1,0
578,1,1,0.0,1,1.3257297345245374,0,1.7357980067247158,0,0,1,1,0,0
579,0,1,0.0,1,0.6384670416657828,0,0.44895685725631407,1,0,0,0,0,1
580,1,0,0.0,0,1.0851877920239732,0,0.24608585336839664,0,0,1,0,0,1
581,1,1,2.6205882352941177,1,0.8446458495234092,0,0.9315552808898295,0,0,1,0,1,0
582,1,1,2.6205882352941177,1,1.3257297345245374,0,3.4431307892497083,1,0,0,1,0,0
583,0,0,0.0,0,1.841176754168603,0,0.807347910104519,0,0,1,0,1,0
584,0,0,0.0,0,1.222640330595724,0,1.2459551881901472,1,0,0,1,0,0
585,0,0,0.0,0,0.6728301763087206,0,0.2705391794917547,1,0,0,0,0,1
586,1,0,5.241176470588235,1,0.6041039070228451,0,2.4732792707624975,0,0,1,1,0,0
587,0,0,0.0,0,1.6006348116680391,0,0.46577764044491476,0,0,1,0,1,0
588,1,1,2.6205882352941177,0,2.0473555620262296,0,2.4593059415491503,1,0,0,1,0,0
589,0,0,0.0,0,0.741556445594596,0,0.24996733370543764,0,0,1,0,0,1
590,0,0,0.0,0,0.741556445594596,0,0.24996733370543764,0,0,1,0,0,1
591,0,0,0.0,0,1.1882771959527865,0,0.22124437921133452,0,0,1,0,0,1
592,1,1,0.0,1,1.7724504848827276,0,2.4303252567606677,1,0,0,1,0,0
593,0,0,0.0,0,1.6006348116680391,0,0.2251258595483755,0,0,1,0,0,1
594,0,0,5.241176470588235,1,0.8102827148804714,0,0.2406517808965393,0,1,0,0,0,1
595,0,1,0.0,0,1.257003465238662,0,0.807347910104519,0,0,1,0,1,0
596,0,1,2.6205882352941177,0,1.222640330595724,0,0.7499020011163128,0,0,1,0,0,1
597,1,0,0.0,1,1.0164615227380978,0,1.0247108089788126,0,0,1,0,1,0
598,0,0,0.0,0,1.6693610809539146,0,0.0,0,0,1,0,0,1
599,0,0,0.0,0,1.4288191384533504,0,0.22434956348096727,1,0,0,0,0,1
600,1,1,0.0,0,1.6693610809539146,0,1.7677565632277763,1,0,0,1,0,0
601,1,2,2.6205882352941177,1,0.8102827148804714,0,0.8383997528008467,0,0,1,0,1,0
602,0,0,0.0,0,1.1539140613098486,0,0.2451791395616639,0,0,1,0,0,1
603,0,0,0.0,0,0.7071933109516583,0,1.3165981303242924,0,0,1,1,0,0
604,0,0,0.0,0,1.4975454077392258,0,0.24996733370543764,0,0,1,0,0,1
605,1,0,0.0,0,1.1882771959527865,0,0.8244264235874992,1,0,0,1,0,0
606,0,1,0.0,0,1.222640330595724,0,0.48285615392789505,0,0,1,0,0,1
607,0,0,0.0,0,1.0164615227380978,0,0.2451791395616639,0,0,1,0,0,1
608,1,0,0.0,0,0.9133721188092846,0,0.9470812022379934,0,0,1,1,0,0
609,1,1,5.241176470588235,1,0.741556445594596,0,1.2911107778391469,1,0,0,0,1,0
610,1,0,0.0,1,1.360092869167475,0,4.7652934097851825,0,0,1,1,0,0
611,0,1,13.102941176470589,1,1.3257297345245374,0,0.9711463803276473,0,0,1,0,0,1
612,0,0,0.0,0,1.1539140613098486,0,0.21891549100910995,0,0,1,0,0,1
613,1,1,0.0,1,0.7759195802375337,0,0.4813035617930786,0,1,0,0,0,1
614,0,0,0.0,0,0.6728301763087206,0,0.2406517808965393,0,1,0,0,0,1
615,0,0,0.0,0,1.1882771959527865,0,0.24996733370543764,0,0,1,0,0,1
616,1,1,5.241176470588235,1,0.8102827148804714,0,2.0183697752612972,0,0,1,0,1,0
617,0,1,2.6205882352941177,0,1.1539140613098486,0,0.4471465348271182,0,0,1,0,0,1
618,0,1,0.0,1,0.8790089841663469,0,0.4999346674108753,0,0,1,0,0,1
619,1,2,2.6205882352941177,1,0.12302002202171705,1,1.2110218651567786,0,0,1,0,1,0
620,0,0,0.0,0,0.8790089841663469,0,0.32604434831144036,0,0,1,0,1,0
621,0,1,0.0,0,0.9133721188092846,0,0.4488295447012592,1,0,0,0,0,1
622,1,1,0.0,0,1.4288191384533504,0,1.6319047514313427,0,0,1,1,0,0
623,1,1,2.6205882352941177,0,0.6728301763087206,0,0.488808792172781,1,0,0,0,0,1
624,0,0,0.0,0,0.7071933109516583,0,0.24388738290549664,0,0,1,0,0,1
625,0,0,0.0,0,0.7071933109516583,0,0.4999346674108753,0,0,1,0,0,1
626,0,0,0.0,0,2.081718696669167,0,1.0036203974194668,0,0,1,1,0,0
627,0,0,0.0,0,1.9442661580974163,0,0.3834902572996465,0,1,0,0,1,0
628,1,0,0.0,1,0.7071933109516583,0,2.4207488684731198,0,0,1,1,0,0
629,0,0,0.0,0,0.8790089841663469,0,0.2451791395616639,0,0,1,0,0,1
630,0,0,0.0,0,0.6041039070228451,0,0.24013321512351063,0,1,0,0,0,1
631,1,0,0.0,0,2.734618254884984,0,0.9315552808898295,0,0,1,1,0,0
632,0,0,0.0,0,1.73808735023979,0,0.21904590874843452,0,0,1,0,0,1
633,1,0,0.0,0,1.0851877920239732,0,0.9470812022379934,1,0,0,1,0,0
634,0,0,0.0,0,1.3944560038104128,0,0.0,0,0,1,1,0,0
635,0,3,5.241176470588235,1,0.2948356952364057,1,0.8663464112275415,0,0,1,0,0,1
636,1,0,0.0,1,0.9477352534522223,0,0.4036739550522595,0,0,1,0,1,0
637,0,0,0.0,0,1.0851877920239732,0,0.24608585336839664,0,0,1,0,0,1
638,0,1,2.6205882352941177,0,1.0508246573810356,0,0.8151108707786009,0,0,1,0,1,0
639,0,0,13.102941176470589,1,1.3944560038104128,0,1.2323700070105037,0,0,1,0,0,1
640,0,1,0.0,0,1.360092869167475,0,0.4999346674108753,0,0,1,0,0,1
641,0,0,0.0,0,0.6728301763087206,0,0.24388738290549664,0,0,1,0,0,1
642,1,0,0.0,1,0.8102827148804714,0,2.151892698855506,1,0,0,1,0,0
643,0,3,5.241176470588235,1,0.054293752735841604,1,0.8663464112275415,0,0,1,0,0,1
644,1,0,0.0,0,1.0851877920239732,0,1.754298694603188,0,0,1,0,0,1
645,1,2,2.6205882352941177,1,0.01133983443216945,1,0.5980057021986868,1,0,0,0,0,1
646,1,1,0.0,0,1.6349979463109767,0,2.382583048615064,1,0,0,1,0,0
647,0,0,0.0,0,0.6384670416657828,0,0.2451791395616639,0,0,1,0,0,1
648,1,0,0.0,0,1.9099030234544785,0,1.1023404157196317,1,0,0,1,0,0
649,0,0,0.0,0,1.119550926666911,0,0.23444141235727378,0,0,1,0,0,1
650,1,0,0.0,1,0.7759195802375337,0,0.23444141235727378,0,0,1,0,0,1
651,0,0,0.0,0,0.741556445594596,0,0.2451791395616639,0,0,1,0,0,1
652,1,0,2.6205882352941177,1,0.6041039070228451,0,0.714192382015536,0,0,1,0,1,0
653,0,0,0.0,0,0.7071933109516583,0,0.26186950501094,0,0,1,0,0,1
654,1,0,0.0,1,1.1882771959527865,0,0.24311108683808846,0,1,0,0,0,1
655,0,0,0.0,1,0.6041039070228451,0,0.20959993820021167,0,1,0,0,0,1
656,0,2,0.0,0,0.8102827148804714,0,2.2823104381800823,0,0,1,0,1,0
657,0,0,0.0,0,1.0164615227380978,0,0.2451791395616639,0,0,1,0,0,1
658,0,1,2.6205882352941177,1,1.0851877920239732,0,0.4813035617930786,0,1,0,0,0,1
659,0,0,0.0,0,0.7759195802375337,0,0.4036739550522595,0,0,1,0,1,0
660,0,0,5.241176470588235,0,1.978629292740354,0,3.517397481426515,1,0,0,1,0,0
661,1,2,0.0,0,1.7037242155968522,0,4.150078776364191,0,0,1,1,0,0
662,0,0,0.0,0,1.360092869167475,0,0.22434956348096727,1,0,0,0,0,1
663,0,0,0.0,0,1.6006348116680391,0,0.7945390249922838,0,0,1,1,0,0
664,0,0,0.0,0,1.222640330595724,0,0.23275840248313281,0,0,1,0,0,1
665,1,1,0.0,0,0.6728301763087206,0,0.24608585336839664,0,0,1,0,0,1
666,0,2,0.0,0,1.0851877920239732,0,2.2823104381800823,0,0,1,0,1,0
667,0,0,0.0,0,0.8446458495234092,0,0.4036739550522595,0,0,1,0,1,0
668,0,0,0.0,0,1.119550926666911,0,0.24142807696394752,0,0,1,0,0,1
669,0,0,0.0,0,1.4631822730962882,0,0.24996733370543764,0,0,1,0,0,1
670,1,1,0.0,1,1.0851877920239732,0,1.614695820209038,0,0,1,1,0,0
671,1,1,2.6205882352941177,1,1.360092869167475,0,1.2110218651567786,0,0,1,0,1,0
672,0,1,0.0,0,1.0508246573810356,0,1.614695820209038,0,0,1,1,0,0
673,0,0,0.0,0,2.3909869084556066,0,0.32604434831144036,0,0,1,0,1,0
674,1,0,0.0,0,1.0508246573810356,0,0.4036739550522595,0,0,1,0,1,0
675,0,0,0.0,0,0.6041039070228451,0,0.0,0,0,1,0,1,0
676,0,0,0.0,0,0.6041039070228451,0,0.24142807696394752,0,0,1,0,0,1
677,0,0,0.0,0,0.8274642822019403,0,0.24996733370543764,0,0,1,0,0,1
678,1,0,0.0,1,0.6041039070228451,0,0.30560292026444785,0,0,1,0,0,1
679,0,1,15.723529411764707,1,1.4631822730962882,0,1.4563314224577668,0,0,1,0,0,1
680,1,0,2.6205882352941177,0,1.222640330595724,0,15.908765727135389,1,0,0,1,0,0
681,0,0,0.0,1,1.1882771959527865,0,0.2526843699413662,0,1,0,0,0,1
682,1,0,0.0,0,0.9133721188092846,0,2.382583048615064,1,0,0,1,0,0
683,0,0,0.0,0,0.6728301763087206,0,0.2864532488736226,0,0,1,0,0,1
684,0,5,5.241176470588235,0,0.4666513684510943,0,1.4563314224577668,0,0,1,0,0,1
685,0,1,2.6205882352941177,0,2.0473555620262296,0,1.2110218651567786,0,0,1,0,1,0
686,0,1,5.241176470588235,0,0.8446458495234092,0,1.2911107778391469,1,0,0,0,1,0
687,0,4,2.6205882352941177,0,0.4666513684510943,0,1.2323700070105037,0,0,1,0,0,1
688,0,0,0.0,0,0.6384670416657828,0,0.3158220816958093,0,0,1,0,0,1
689,0,0,0.0,0,0.6041039070228451,0,0.2420739552920311,0,0,1,0,0,1
690,1,0,2.6205882352941177,1,0.501014503094032,0,6.562418805835145,0,0,1,1,0,0
691,1,1,0.0,0,1.0508246573810356,0,1.7699550336906762,0,0,1,1,0,0
692,1,0,2.6205882352941177,1,0.12302002202171705,1,0.41661325790381926,1,0,0,0,0,1
693,1,0,0.0,0,1.360092869167475,0,1.754298694603188,0,0,1,0,0,1
694,0,0,0.0,0,0.8446458495234092,0,0.22434956348096727,1,0,0,0,0,1
695,0,0,0.0,0,2.0473555620262296,0,0.8244264235874992,0,0,1,1,0,0
696,0,0,0.0,0,1.7724504848827276,0,0.41919987640042333,0,0,1,0,1,0
697,0,0,0.0,0,1.4975454077392258,0,0.24996733370543764,0,0,1,0,0,1
698,1,0,0.0,1,0.6041039070228451,0,0.24013321512351063,0,1,0,0,0,1
699,0,1,2.6205882352941177,0,1.6693610809539146,0,3.4431307892497083,1,0,0,1,0,0
700,0,0,0.0,0,1.4288191384533504,0,0.23754659662690655,0,0,1,0,0,1
701,1,1,0.0,1,0.6041039070228451,0,7.0650705094819495,1,0,0,1,0,0
702,1,0,0.0,0,1.1882771959527865,0,0.8162753148797132,0,0,1,1,0,0
703,0,0,2.6205882352941177,1,0.6041039070228451,0,0.4488295447012592,1,0,0,0,0,1
704,0,0,0.0,0,0.8446458495234092,0,0.2403940506021598,0,1,0,0,0,1
705,0,1,0.0,0,0.8790089841663469,0,0.24388738290549664,0,0,1,0,0,1
706,0,0,0.0,0,1.3257297345245374,0,0.807347910104519,0,0,1,0,1,0
707,1,0,0.0,1,1.5319085423821637,0,0.41919987640042333,0,0,1,0,1,0
708,1,0,0.0,0,1.4288191384533504,0,0.8162753148797132,0,0,1,1,0,0
709,1,0,0.0,1,0.741556445594596,0,4.705906760628456,0,0,1,1,0,0
710,1,1,2.6205882352941177,0,0.1917462913075925,1,0.4734101833796721,1,0,0,0,0,1
711,1,0,0.0,1,0.8102827148804714,0,1.5371966312075434,1,0,0,1,0,0
712,0,0,0.0,0,1.3944560038104128,0,0.8244264235874992,0,0,1,1,0,0
713,1,1,0.0,0,1.6349979463109767,0,1.614695820209038,0,0,1,1,0,0
714,0,0,0.0,0,0.98209838809516,0,0.29447393984208403,0,0,1,0,0,1
715,0,0,0.0,0,1.7724504848827276,0,0.4036739550522595,0,0,1,0,1,0
716,0,0,0.0,0,0.6384670416657828,0,0.23754659662690655,0,0,1,0,0,1
717,1,0,0.0,1,1.2913665998815995,0,7.0650705094819495,1,0,0,1,0,0
718,1,0,0.0,1,0.9133721188092846,0,0.32604434831144036,0,0,1,0,1,0
719,0,0,0.0,0,1.3944560038104128,0,0.4813035617930786,0,1,0,0,0,1
720,0,0,0.0,0,1.119550926666911,0,0.24142807696394752,0,0,1,0,0,1
721,1,0,2.6205882352941177,1,0.1917462913075925,1,1.0247108089788126,0,0,1,0,1,0
722,0,1,0.0,0,0.5697407723799074,0,0.21904590874843452,0,0,1,0,0,1
723,0,0,0.0,0,1.1539140613098486,0,0.4036739550522595,0,0,1,0,1,0
724,0,0,0.0,0,1.7037242155968522,0,0.4036739550522595,0,0,1,0,1,0
725,1,1,0.0,0,0.9133721188092846,0,1.6488528471749984,0,0,1,1,0,0
726,0,0,0.0,0,0.6728301763087206,0,0.26898658735693826,0,0,1,0,0,1
727,1,3,0.0,1,1.0164615227380978,0,0.6520886966228807,0,0,1,0,1,0
728,1,0,0.0,1,1.0851877920239732,0,0.2402636328628352,0,1,0,0,0,1
729,0,1,0.0,0,0.8446458495234092,0,0.807347910104519,0,0,1,0,1,0
730,0,1,0.0,1,0.8446458495234092,0,0.24608585336839664,0,0,1,0,0,1
731,1,0,0.0,1,0.98209838809516,0,6.562418805835145,0,0,1,1,0,0
732,0,0,0.0,0,0.3635619645222811,1,0.5833864946572558,1,0,0,0,0,1
733,0,0,0.0,0,0.9477352534522223,0,0.0,0,0,1,0,1,0
734,0,0,0.0,0,0.7759195802375337,0,0.4036739550522595,0,0,1,0,1,0
735,0,0,0.0,0,0.7759195802375337,0,0.4036739550522595,0,0,1,0,1,0
736,0,0,0.0,0,0.9649168207736912,0,0.4999346674108753,0,0,1,0,0,1
737,0,1,7.861764705882353,1,1.6349979463109767,0,1.067407092686263,0,0,1,0,0,1
738,1,0,0.0,0,1.1882771959527865,0,15.908765727135389,1,0,0,1,0,0
739,0,0,0.0,0,0.8446458495234092,0,0.2451791395616639,0,0,1,0,0,1
740,0,0,0.0,0,1.4631822730962882,0,0.2451791395616639,0,0,1,0,0,1
741,1,0,0.0,0,0.5353776377369698,0,0.9315552808898295,0,0,1,1,0,0
742,0,1,0.0,0,1.222640330595724,0,2.448437796605435,0,0,1,1,0,0
743,1,2,5.241176470588235,1,0.7071933109516583,0,8.147227227448967,1,0,0,1,0,0
744,0,1,0.0,0,0.8102827148804714,0,0.4999346674108753,0,0,1,0,0,1
745,1,0,0.0,0,1.0508246573810356,0,0.24608585336839664,0,0,1,0,0,1
746,0,1,2.6205882352941177,0,2.3909869084556066,0,2.2046808314392634,0,0,1,1,0,0
747,0,1,2.6205882352941177,0,0.5353776377369698,0,0.6287998146006349,0,0,1,0,0,1
748,1,0,0.0,1,1.0164615227380978,0,0.4036739550522595,0,0,1,0,1,0
749,0,1,0.0,0,0.6384670416657828,0,1.6488528471749984,0,0,1,1,0,0
750,0,0,0.0,0,1.0508246573810356,0,0.2406517808965393,0,1,0,0,0,1
751,1,1,2.6205882352941177,1,0.12302002202171705,1,0.714192382015536,0,0,1,0,1,0
752,1,0,2.6205882352941177,0,0.1917462913075925,1,0.3873717376366875,0,0,1,0,0,1
753,0,0,0.0,0,1.119550926666911,0,0.2949925056151127,0,0,1,0,0,1
754,0,0,0.0,0,0.7759195802375337,0,0.2451791395616639,0,0,1,0,0,1
755,1,1,5.241176470588235,1,1.6349979463109767,0,2.0183697752612972,0,0,1,0,1,0
756,1,1,2.6205882352941177,0,0.008590783660734432,1,0.450251719096751,0,0,1,0,1,0
757,0,0,0.0,0,0.9477352534522223,0,0.2420739552920311,0,0,1,0,0,1
758,0,0,0.0,0,0.6041039070228451,0,0.357096191007768,0,0,1,0,1,0
759,0,0,0.0,0,1.1539140613098486,0,0.24996733370543764,0,0,1,0,0,1
760,1,0,0.0,1,1.119550926666911,0,2.685984393232342,0,0,1,1,0,0
761,0,0,0.0,0,0.98209838809516,0,0.450251719096751,0,0,1,0,0,1
762,0,0,0.0,0,1.3944560038104128,0,0.22124437921133452,0,0,1,0,0,1
763,1,0,0.0,0,0.6728301763087206,0,0.22447998122029186,1,0,0,0,0,1
764,1,1,5.241176470588235,1,1.222640330595724,0,3.726221123559318,0,0,1,1,0,0
765,0,0,0.0,0,0.5353776377369698,0,0.24142807696394752,0,0,1,0,0,1
766,1,1,0.0,1,1.73808735023979,0,2.4207488684731198,0,0,1,1,0,0
767,0,0,0.0,0,1.1882771959527865,0,1.2296529707745751,1,0,0,1,0,0
768,0,0,0.0,1,1.0336430900595666,0,0.2406517808965393,0,1,0,0,0,1
769,0,1,0.0,0,1.0508246573810356,0,0.7499020011163128,0,1,0,0,0,1
770,0,0,0.0,0,1.0851877920239732,0,0.25967103454804,0,0,1,0,0,1
771,0,0,0.0,0,0.8102827148804714,0,0.2949925056151127,0,0,1,0,0,1
772,0,0,0.0,0,1.6349979463109767,0,0.24388738290549664,0,0,1,0,0,1
773,0,0,0.0,1,1.9442661580974163,0,0.32604434831144036,0,0,1,0,1,0
774,0,0,0.0,0,0.741556445594596,0,0.22434956348096727,1,0,0,0,0,1
775,1,1,7.861764705882353,1,1.841176754168603,0,0.714192382015536,0,0,1,0,1,0
776,0,0,0.0,0,0.6041039070228451,0,0.2406517808965393,0,0,1,0,0,1
777,0,0,0.0,0,0.5353776377369698,0,0.2406517808965393,0,1,0,0,0,1
778,1,0,0.0,1,0.15738315666465477,1,0.3873717376366875,0,0,1,0,0,1
779,0,0,0.0,0,0.5697407723799074,0,0.2402636328628352,0,1,0,0,0,1
780,1,0,2.6205882352941177,1,1.4631822730962882,0,6.562418805835145,0,0,1,1,0,0
781,1,0,0.0,1,0.43228823380815656,0,0.22447998122029186,1,0,0,0,0,1
782,1,1,0.0,1,0.5697407723799074,0,1.7699550336906762,0,0,1,1,0,0
783,0,0,0.0,0,0.98209838809516,0,0.9315552808898295,0,0,1,1,0,0
784,0,1,5.241176470588235,0,1.4288191384533504,0,0.7281657112288834,0,0,1,0,0,1
785,0,0,0.0,0,0.8446458495234092,0,0.21891549100910995,0,0,1,0,0,1
786,0,0,0.0,0,0.8446458495234092,0,0.2251258595483755,0,0,1,0,0,1
787,1,0,0.0,1,0.6041039070228451,0,0.23275840248313281,0,0,1,0,0,1
788,0,4,2.6205882352941177,0,0.26047256059346796,1,0.9043849185305429,0,1,0,0,0,1
789,1,1,5.241176470588235,0,0.019930618092903883,1,0.6388916634769415,0,0,1,0,0,1
790,0,0,0.0,0,1.5662716770251013,0,2.4593059415491503,1,0,0,1,0,0
791,0,0,0.0,0,0.8446458495234092,0,0.2406517808965393,0,1,0,0,0,1
792,0,0,0.0,0,0.5353776377369698,0,0.807347910104519,0,0,1,0,1,0
793,0,8,5.241176470588235,1,1.3257297345245374,0,2.159655659529588,0,0,1,0,0,1
794,0,0,0.0,0,0.98209838809516,0,0.9531611530379344,1,0,0,1,0,0
795,0,0,0.0,0,0.8446458495234092,0,0.2451791395616639,0,0,1,0,0,1
796,0,0,0.0,0,1.3257297345245374,0,0.4036739550522595,0,0,1,0,1,0
797,1,0,0.0,1,1.6693610809539146,0,0.805149439641619,0,0,1,1,0,0
798,1,0,0.0,1,1.0508246573810356,0,0.26963246568502186,0,0,1,0,0,1
799,0,0,0.0,0,1.0164615227380978,0,0.22447998122029186,1,0,0,0,0,1
800,0,1,2.6205882352941177,1,1.0164615227380978,0,0.7499020011163128,0,0,1,0,0,1
801,0,0,0.0,0,1.1539140613098486,0,0.4036739550522595,0,0,1,0,1,0
802,1,1,2.6205882352941177,1,1.0508246573810356,0,0.8151108707786009,0,0,1,0,1,0
803,1,1,5.241176470588235,0,0.3635619645222811,1,3.726221123559318,0,0,1,1,0,0
804,1,0,2.6205882352941177,0,0.0,1,0.2644592286918137,1,0,0,0,0,1
805,1,0,0.0,0,0.9133721188092846,0,0.21658660280688538,0,0,1,0,0,1
806,0,0,0.0,0,1.0508246573810356,0,0.24142807696394752,0,0,1,0,0,1
807,0,0,0.0,0,1.3257297345245374,0,0.0,0,0,1,1,0,0
808,0,0,0.0,1,0.6041039070228451,0,0.24142807696394752,0,0,1,0,0,1
809,0,0,0.0,0,1.3257297345245374,0,0.4036739550522595,0,0,1,0,1,0
810,1,1,0.0,1,1.119550926666911,0,1.6488528471749984,0,0,1,1,0,0
811,0,0,0.0,0,0.8790089841663469,0,0.24492140926728437,0,0,1,0,0,1
812,0,0,0.0,0,1.3257297345245374,0,0.7499020011163128,0,0,1,0,0,1
813,0,0,0.0,0,1.1882771959527865,0,0.32604434831144036,0,0,1,0,1,0
814,0,4,5.241176470588235,1,0.1917462913075925,1,0.9711463803276473,0,0,1,0,0,1
815,0,0,0.0,0,1.0336430900595666,0,0.24996733370543764,0,0,1,0,0,1
816,0,0,0.0,0,0.741556445594596,0,0.0,0,0,1,1,0,0
817,0,0,0.0,1,0.7759195802375337,0,0.24608585336839664,0,0,1,0,0,1
818,0,1,2.6205882352941177,0,1.0508246573810356,0,1.1490485975034477,1,0,0,0,1,0
819,0,0,0.0,0,1.4631822730962882,0,0.20028438539131338,0,0,1,0,0,1
820,0,3,5.241176470588235,0,0.3291988298793434,1,0.8663464112275415,0,0,1,0,0,1
821,1,1,2.6205882352941177,1,1.7724504848827276,0,2.9033472921066354,0,0,1,1,0,0
822,1,0,0.0,0,0.9133721188092846,0,0.26898658735693826,0,0,1,0,0,1
823,0,0,0.0,0,1.2913665998815995,0,0.0,0,0,1,1,0,0
824,1,0,2.6205882352941177,1,0.9133721188092846,0,0.3873717376366875,0,0,1,0,0,1
825,0,4,2.6205882352941177,0,0.054293752735841604,1,1.2323700070105037,0,0,1,0,0,1
826,0,0,0.0,0,0.98209838809516,0,0.21581030673947718,0,1,0,0,0,1
827,0,0,0.0,0,0.9477352534522223,0,1.754298694603188,0,0,1,0,0,1
828,1,0,5.241176470588235,0,0.019930618092903883,1,1.1490485975034477,1,0,0,0,1,0
829,1,0,0.0,0,0.501014503094032,0,0.2406517808965393,0,1,0,0,0,1
830,1,0,0.0,1,2.116081831312105,0,2.4841474157062122,1,0,0,1,0,0
831,1,1,0.0,1,0.501014503094032,0,0.4488295447012592,1,0,0,0,0,1
832,1,1,2.6205882352941177,0,0.014088885203604466,1,0.5822220505561435,0,0,1,0,1,0
833,0,0,0.0,0,0.8102827148804714,0,0.22447998122029186,1,0,0,0,0,1
834,0,0,0.0,0,0.7759195802375337,0,0.24388738290549664,0,0,1,0,0,1
835,0,0,0.0,0,0.6041039070228451,0,0.25773029437951955,0,0,1,0,0,1
836,1,1,2.6205882352941177,1,1.3257297345245374,0,2.5822184504940235,1,0,0,1,0,0
837,0,0,0.0,0,0.7071933109516583,0,0.26898658735693826,0,0,1,0,0,1
838,0,0,0.0,0,0.98209838809516,0,0.24996733370543764,0,0,1,0,0,1
839,1,0,0.0,0,1.0851877920239732,0,1.754298694603188,0,0,1,0,0,1
840,1,0,0.0,0,0.5697407723799074,0,0.9222397280809312,1,0,0,1,0,0
841,0,0,0.0,0,0.6728301763087206,0,0.24608585336839664,0,0,1,0,0,1
842,0,0,0.0,0,0.5353776377369698,0,0.32604434831144036,0,0,1,0,1,0
843,1,0,0.0,1,1.0164615227380978,0,0.9626071235861572,1,0,0,1,0,0
844,0,0,0.0,0,1.1710956286313174,0,0.19989623735760925,1,0,0,0,0,1
845,0,0,0.0,0,0.5697407723799074,0,0.26898658735693826,0,0,1,0,0,1
846,0,0,0.0,0,1.4288191384533504,0,0.23444141235727378,0,0,1,0,0,1
847,0,8,5.241176470588235,0,0.7759195802375337,0,2.159655659529588,0,0,1,0,0,1
848,0,0,0.0,0,1.1882771959527865,0,0.2451791395616639,1,0,0,0,0,1
849,0,0,2.6205882352941177,0,0.9477352534522223,0,1.0247108089788126,0,0,1,0,1,0
850,1,1,0.0,1,0.5353776377369698,0,2.7668496019821185,1,0,0,1,0,0
851,0,4,5.241176470588235,0,0.12302002202171705,1,0.9711463803276473,0,0,1,0,0,1
852,0,0,0.0,0,2.5284394470273575,0,0.24142807696394752,0,0,1,0,0,1
853,0,1,2.6205882352941177,1,0.2948356952364057,1,0.4734101833796721,1,0,0,0,0,1
854,1,0,2.6205882352941177,1,0.5353776377369698,0,1.2234426022353095,0,0,1,1,0,0
855,0,1,0.0,1,1.4975454077392258,0,0.807347910104519,0,0,1,0,1,0
856,1,0,2.6205882352941177,1,0.6041039070228451,0,0.29033472921066356,0,0,1,0,0,1
857,1,1,2.6205882352941177,1,1.5319085423821637,0,5.119414834262643,0,0,1,1,0,0
858,1,0,0.0,0,1.73808735023979,0,0.8244264235874992,0,0,1,1,0,0
859,1,0,7.861764705882353,1,0.8102827148804714,0,0.5980057021986868,1,0,0,0,0,1
860,0,0,0.0,0,0.5353776377369698,0,0.22447998122029186,1,0,0,0,0,1
861,0,2,0.0,0,1.3944560038104128,0,0.43808871231259944,0,0,1,0,0,1
862,0,1,0.0,0,0.7071933109516583,0,0.357096191007768,0,0,1,0,1,0
863,1,0,0.0,1,1.6349979463109767,0,0.805149439641619,0,0,1,1,0,0
864,0,8,5.241176470588235,1,0.8446458495234092,0,2.159655659529588,0,0,1,0,0,1
865,0,0,0.0,0,0.8102827148804714,0,0.4036739550522595,0,0,1,0,1,0
866,1,0,0.0,1,1.4288191384533504,0,0.4036739550522595,0,0,1,0,1,0
867,1,1,0.0,1,0.9133721188092846,0,0.4303257516385175,1,0,0,0,1,0
868,0,0,0.0,0,1.0508246573810356,0,1.567987638425222,0,0,1,1,0,0
869,0,0,0.0,0,0.8102827148804714,0,0.2949925056151127,0,0,1,0,0,1
870,1,1,2.6205882352941177,0,0.12302002202171705,1,0.34570948029102466,0,0,1,0,0,1
871,0,0,0.0,0,0.8790089841663469,0,0.2451791395616639,0,0,1,0,0,1
872,1,1,2.6205882352941177,1,1.6006348116680391,0,1.6319047514313427,0,0,1,1,0,0
873,0,0,0.0,0,1.119550926666911,0,0.15525921348163826,0,0,1,1,0,0
874,0,0,0.0,0,1.6006348116680391,0,0.27946658426694887,0,0,1,0,0,1
875,1,1,0.0,1,0.9477352534522223,0,0.7452442247118637,1,0,0,0,1,0
876,1,0,0.0,1,0.501014503094032,0,0.22434956348096727,1,0,0,0,0,1
877,0,0,0.0,0,0.6728301763087206,0,0.30573023281950285,0,0,1,0,0,1
878,0,0,0.0,0,0.6384670416657828,0,0.2451791395616639,0,0,1,0,0,1
879,0,0,0.0,0,1.0851877920239732,0,0.2451791395616639,0,0,1,0,0,1
880,1,0,2.6205882352941177,1,1.9099030234544785,0,2.5822184504940235,1,0,0,1,0,0
881,1,0,2.6205882352941177,1,0.8446458495234092,0,0.807347910104519,0,0,1,0,1,0
882,0,0,0.0,0,1.119550926666911,0,0.2451791395616639,0,0,1,0,0,1
883,0,0,0.0,1,0.741556445594596,0,0.326562914084469,0,0,1,0,0,1
884,0,0,0.0,0,0.9477352534522223,0,0.32604434831144036,0,0,1,0,1,0
885,0,0,0.0,0,0.8446458495234092,0,0.21891549100910995,0,0,1,0,0,1
886,0,0,13.102941176470589,1,1.3257297345245374,0,0.9043849185305429,0,1,0,0,0,1
887,0,0,0.0,0,0.9133721188092846,0,0.4036739550522595,0,0,1,0,1,0
888,1,0,0.0,1,0.6384670416657828,0,0.9315552808898295,0,0,1,1,0,0
889,0,1,5.241176470588235,1,1.4288191384533504,0,0.7281657112288834,0,0,1,0,0,1
890,1,0,0.0,0,0.8790089841663469,0,0.9315552808898295,1,0,0,1,0,0
891,0,0,0.0,0,1.0851877920239732,0,0.2406517808965393,0,1,0,0,0,1
